{
    "1": [
        0.0005927085876464844,
        0.0006008148193359375,
        0.0005087852478027344,
        0.0005831718444824219,
        0.0005624294281005859,
        0.0005619525909423828,
        0.0005893707275390625,
        0.0005388259887695312,
        0.0005707740783691406,
        0.0006299018859863281,
        0.0005893707275390625,
        0.0005259513854980469,
        0.0006067752838134766,
        0.0005984306335449219,
        0.0006287097930908203,
        0.0006239414215087891,
        0.0006253719329833984,
        0.0006077289581298828,
        0.0006372928619384766,
        0.0006201267242431641,
        0.0005953311920166016,
        0.0006344318389892578,
        0.0005626678466796875,
        0.0006284713745117188,
        0.0006449222564697266,
        0.0006327629089355469,
        0.0006413459777832031,
        0.0006146430969238281,
        0.0006434917449951172,
        0.000606536865234375
    ],
    "2": [
        0.0006585121154785156,
        0.0006320476531982422,
        0.0006575584411621094,
        0.0006620883941650391,
        0.0006222724914550781,
        0.0006444454193115234,
        0.0006918907165527344,
        0.0006911754608154297,
        0.0006909370422363281,
        0.0007257461547851562,
        0.0007007122039794922,
        0.0006897449493408203,
        0.000698089599609375,
        0.0006825923919677734,
        0.0006883144378662109,
        0.0006418228149414062,
        0.0006487369537353516,
        0.0006961822509765625,
        0.0006954669952392578,
        0.0006864070892333984,
        0.0004277229309082031,
        0.0006227493286132812,
        0.0006840229034423828,
        0.0006771087646484375,
        0.0006897449493408203,
        0.0006577968597412109,
        0.0007176399230957031,
        0.0006730556488037109,
        0.0006537437438964844,
        0.0006721019744873047
    ],
    "3": [
        0.011834383010864258,
        0.00572657585144043,
        0.006144523620605469,
        0.006394624710083008,
        0.006026744842529297,
        0.005789041519165039,
        0.005809783935546875,
        0.006738424301147461,
        0.0062944889068603516,
        0.006522417068481445,
        0.0068776607513427734,
        0.006797313690185547,
        0.005842924118041992,
        0.006736040115356445,
        0.006273508071899414,
        0.006425619125366211,
        0.006612300872802734,
        0.006374835968017578,
        0.0058519840240478516,
        0.0071849822998046875,
        0.005795478820800781,
        0.005827426910400391,
        0.007468223571777344,
        0.005969047546386719,
        0.005877971649169922,
        0.0069561004638671875,
        0.007243156433105469,
        0.00680851936340332,
        0.006276845932006836,
        0.0061643123626708984
    ],
    "4": [
        0.294064998626709,
        0.24132561683654785,
        0.2406761646270752,
        0.24056243896484375,
        0.2415623664855957,
        0.24162602424621582,
        0.24084782600402832,
        0.2424452304840088,
        0.24140143394470215,
        0.24357962608337402,
        0.24257659912109375,
        0.24156951904296875,
        0.2444324493408203,
        0.24361157417297363,
        0.24350738525390625,
        0.24088597297668457,
        0.24226856231689453,
        0.24369335174560547,
        0.2416059970855713,
        0.24360203742980957,
        0.24218988418579102,
        0.24437665939331055,
        0.24316072463989258,
        0.24164128303527832,
        0.24535918235778809,
        0.2428593635559082,
        0.24328231811523438,
        0.24257421493530273,
        0.242020845413208,
        0.2433483600616455
    ],
    "5": [
        1.0158326625823975,
        0.9739623069763184,
        0.9743332862854004,
        0.9738836288452148,
        0.9738636016845703,
        0.9752564430236816,
        0.9724695682525635,
        0.9811511039733887,
        0.9738805294036865,
        0.9736721515655518,
        0.9752507209777832,
        0.973701000213623,
        0.9770290851593018,
        0.9781975746154785,
        0.9746339321136475,
        0.9792752265930176,
        0.9720108509063721,
        0.9756455421447754,
        0.9745807647705078,
        0.9752359390258789,
        0.9798686504364014,
        0.9770312309265137,
        0.9750959873199463,
        0.9769141674041748,
        0.9761035442352295,
        0.9734296798706055,
        0.9778988361358643,
        0.9775044918060303,
        0.9774978160858154,
        0.9752745628356934
    ],
    "6": [
        0.11602258682250977,
        0.0005030632019042969,
        0.0005283355712890625,
        0.00051116943359375,
        0.00052642822265625,
        0.0004749298095703125,
        0.000457763671875,
        0.0005447864532470703,
        0.00047969818115234375,
        0.0005388259887695312,
        0.0005476474761962891,
        0.0005750656127929688,
        0.0004489421844482422,
        0.0005469322204589844,
        0.0005197525024414062,
        0.0005450248718261719,
        0.0005476474761962891,
        0.009186267852783203,
        0.0005474090576171875,
        0.0005524158477783203,
        0.0005481243133544922,
        0.0005433559417724609,
        0.0005543231964111328,
        0.0005476474761962891,
        0.0005462169647216797,
        0.0005781650543212891,
        0.0005552768707275391,
        0.0005538463592529297,
        0.0005800724029541016,
        0.0004994869232177734
    ],
    "7": [
        0.042096853256225586,
        0.005435943603515625,
        0.0057621002197265625,
        0.006196260452270508,
        0.005421638488769531,
        0.005425214767456055,
        0.008229255676269531,
        0.0072100162506103516,
        0.005759239196777344,
        0.005778312683105469,
        0.005857706069946289,
        0.005997657775878906,
        0.005862712860107422,
        0.006075382232666016,
        0.006123065948486328,
        0.008284568786621094,
        0.005962371826171875,
        0.008232831954956055,
        0.00825357437133789,
        0.006661891937255859,
        0.007018327713012695,
        0.006213665008544922,
        0.0066530704498291016,
        0.007142782211303711,
        0.0062601566314697266,
        0.007901906967163086,
        0.007501840591430664,
        0.007596731185913086,
        0.0077974796295166016,
        0.006684780120849609
    ]
}