{
    "1a": [
        0.0010094642639160156,
        0.0009601116180419922,
        0.0009884834289550781,
        0.0009756088256835938,
        0.0009398460388183594,
        0.000949859619140625,
        0.0009424686431884766,
        0.0009438991546630859,
        0.0009450912475585938,
        0.000934600830078125,
        0.0009541511535644531,
        0.0009515285491943359,
        0.000989675521850586,
        0.0009515285491943359,
        0.0009415149688720703,
        0.0006663799285888672,
        0.00067901611328125,
        0.0006680488586425781,
        0.0006582736968994141,
        0.0006530284881591797,
        0.0006580352783203125,
        0.0006566047668457031,
        0.0005300045013427734,
        0.0005309581756591797,
        0.0006549358367919922,
        0.0006542205810546875,
        0.0006554126739501953,
        0.0006489753723144531,
        0.0007107257843017578,
        0.0006527900695800781
    ],
    "1b": [
        5.958550453186035,
        5.9722771644592285,
        5.962478399276733,
        5.971448183059692,
        5.9668028354644775,
        5.970672607421875,
        5.96800684928894,
        5.965508937835693,
        5.96572208404541,
        5.9611265659332275,
        5.961400985717773,
        5.966161727905273,
        5.969267845153809,
        5.9668803215026855,
        5.97496771812439,
        5.963881731033325,
        5.961324453353882,
        5.9678144454956055,
        5.964840412139893,
        5.962949275970459,
        5.963629484176636,
        5.959407091140747,
        5.962111949920654,
        5.96391487121582,
        5.9664812088012695,
        5.963432550430298,
        5.958749771118164,
        5.965291738510132,
        5.971368789672852,
        5.966313362121582
    ],
    "2": [
        6.585726499557495,
        6.593786716461182,
        6.6002197265625,
        6.597314834594727,
        6.600830554962158,
        6.597665071487427,
        6.598094701766968,
        6.596824884414673,
        6.5903990268707275,
        6.589001417160034,
        6.5984206199646,
        6.591414451599121,
        6.589017868041992,
        6.5947747230529785,
        6.5905375480651855,
        6.594027757644653,
        6.589589595794678,
        6.5930938720703125,
        6.5938684940338135,
        6.588511228561401,
        6.591532468795776,
        6.598223924636841,
        6.5934529304504395,
        6.592060565948486,
        6.591567277908325,
        6.5968194007873535,
        6.592724561691284,
        6.593603610992432,
        6.593517780303955,
        6.598602771759033
    ],
    "3a": [
        0.0363008975982666,
        0.03717756271362305,
        0.030905485153198242,
        0.03600907325744629,
        0.03599119186401367,
        0.03539586067199707,
        0.0349431037902832,
        0.03749394416809082,
        0.031699180603027344,
        0.0317080020904541,
        0.03580451011657715,
        0.03596067428588867,
        0.03585553169250488,
        0.03646516799926758,
        0.03122091293334961,
        0.03163766860961914,
        0.03168463706970215,
        0.03789186477661133,
        0.03693103790283203,
        0.032208919525146484,
        0.03229951858520508,
        0.032192230224609375,
        0.030765771865844727,
        0.030837535858154297,
        0.03232407569885254,
        0.03531670570373535,
        0.030878067016601562,
        0.03312563896179199,
        0.03324389457702637,
        0.033022165298461914
    ],
    "3b": [
        5.828478574752808,
        5.826873064041138,
        5.827829122543335,
        5.831536054611206,
        5.833691120147705,
        5.829501152038574,
        5.834617853164673,
        5.832016229629517,
        5.830541372299194,
        5.831162214279175,
        5.831466436386108,
        5.828312158584595,
        5.82331657409668,
        5.82679009437561,
        5.829361438751221,
        5.831457138061523,
        5.825651407241821,
        5.822693347930908,
        5.826815843582153,
        5.826043367385864,
        5.8251566886901855,
        5.831566333770752,
        5.827438831329346,
        5.828200101852417,
        5.832275152206421,
        5.825183153152466,
        5.825347661972046,
        5.8287599086761475,
        5.828925848007202,
        5.828578233718872
    ],
    "4": [
        2.077240228652954,
        2.0736207962036133,
        2.0701308250427246,
        2.075100898742676,
        2.072298526763916,
        2.0713469982147217,
        2.0784664154052734,
        2.072235107421875,
        2.0762076377868652,
        2.076611042022705,
        2.0707180500030518,
        2.074113368988037,
        2.0707106590270996,
        2.075622797012329,
        2.071845531463623,
        2.0694169998168945,
        2.0728838443756104,
        2.069568395614624,
        2.0723235607147217,
        2.070937156677246,
        2.0736770629882812,
        2.0704755783081055,
        2.070437431335449,
        2.0722320079803467,
        2.0732297897338867,
        2.0718743801116943,
        2.071702241897583,
        2.0713114738464355,
        2.0728869438171387,
        2.072819709777832
    ],
    "5": [
        5.745243310928345,
        5.750404596328735,
        5.744787931442261,
        5.751083135604858,
        5.75023889541626,
        5.745954275131226,
        5.746878623962402,
        5.7410523891448975,
        5.746650218963623,
        5.746833324432373,
        5.745293617248535,
        5.746895790100098,
        5.750880241394043,
        5.745591163635254,
        5.75493597984314,
        5.754809856414795,
        5.743658542633057,
        5.743496894836426,
        5.7466511726379395,
        5.744118690490723,
        5.744159698486328,
        5.742161989212036,
        5.743176698684692,
        5.745246887207031,
        5.745908260345459,
        5.742448568344116,
        5.747276067733765,
        5.746858835220337,
        5.746097087860107,
        5.749250411987305
    ],
    "6a": [
        0.0005779266357421875,
        0.0005233287811279297,
        0.000545501708984375,
        0.0005424022674560547,
        0.00043082237243652344,
        0.0004220008850097656,
        0.00041961669921875,
        0.0005421638488769531,
        0.0006492137908935547,
        0.0005712509155273438,
        0.000560760498046875,
        0.0003070831298828125,
        0.0003027915954589844,
        0.0003256797790527344,
        0.0005884170532226562,
        0.0005438327789306641,
        0.0004627704620361328,
        0.0004124641418457031,
        0.0004150867462158203,
        0.0004222393035888672,
        0.0004248619079589844,
        0.0004191398620605469,
        0.00042176246643066406,
        0.00038552284240722656,
        0.00042247772216796875,
        0.00044798851013183594,
        0.0004477500915527344,
        0.0004189014434814453,
        0.0004222393035888672,
        0.00041985511779785156
    ],
    "6b": [
        5.60882306098938,
        5.612644672393799,
        5.6157989501953125,
        5.611976861953735,
        5.612942218780518,
        5.614902019500732,
        5.618263483047485,
        5.611258268356323,
        5.614060401916504,
        5.6189186573028564,
        5.611910581588745,
        5.619721412658691,
        5.610722541809082,
        5.61501932144165,
        5.623486280441284,
        5.613643407821655,
        5.614415645599365,
        5.613870620727539,
        5.617256164550781,
        5.613173246383667,
        5.614516973495483,
        5.612493515014648,
        5.615803241729736,
        5.617817163467407,
        5.613256931304932,
        5.613053798675537,
        5.61251163482666,
        5.614974021911621,
        5.61281681060791,
        5.618427753448486
    ]
}