{
    "1": [
        0.000989675521850586,
        0.0009567737579345703,
        0.0006742477416992188,
        0.0010352134704589844,
        0.0009696483612060547,
        0.0009553432464599609,
        0.0009474754333496094,
        0.0009684562683105469,
        0.000942230224609375,
        0.0006644725799560547,
        0.0006799697875976562,
        0.0009431838989257812,
        0.0009942054748535156,
        0.0010128021240234375,
        0.0006546974182128906,
        0.0009660720825195312,
        0.0009596347808837891,
        0.0009481906890869141,
        0.0009505748748779297,
        0.0009765625,
        0.0009720325469970703,
        0.0009584426879882812,
        0.0009543895721435547,
        0.0009400844573974609,
        0.0009622573852539062,
        0.0009829998016357422,
        0.0009663105010986328,
        0.0009577274322509766,
        0.0006532669067382812,
        0.0006520748138427734
    ],
    "3": [
        0.17779541015625,
        0.0677177906036377,
        0.07263374328613281,
        0.0666341781616211,
        0.06661701202392578,
        0.06898283958435059,
        0.0663614273071289,
        0.07117080688476562,
        0.07123780250549316,
        0.07179808616638184,
        0.06649112701416016,
        0.06646418571472168,
        0.06799006462097168,
        0.0671992301940918,
        0.06809663772583008,
        0.06650948524475098,
        0.07055258750915527,
        0.06885480880737305,
        0.07216596603393555,
        0.0714421272277832,
        0.0708608627319336,
        0.0719611644744873,
        0.07397842407226562,
        0.06862044334411621,
        0.06882810592651367,
        0.06980752944946289,
        0.07394146919250488,
        0.07015705108642578,
        0.06897830963134766,
        0.06748032569885254
    ],
    "4": [
        7.468446969985962,
        6.8650267124176025,
        6.865008592605591,
        6.869349002838135,
        6.866580963134766,
        6.861688613891602,
        6.866676092147827,
        6.867524147033691,
        6.868876218795776,
        6.860466003417969,
        6.8635358810424805,
        6.865228891372681,
        6.861134767532349,
        6.888554096221924,
        6.862626791000366,
        6.859655141830444,
        6.859187841415405,
        6.864586591720581,
        6.860362529754639,
        6.85996413230896,
        6.865452766418457,
        6.858696937561035,
        6.865448951721191,
        6.859535455703735,
        6.85949444770813,
        6.861162424087524,
        6.859349966049194,
        6.860591173171997,
        6.8601014614105225,
        6.862652540206909
    ],
    "5": [
        24.66238260269165,
        24.10922622680664,
        24.110228776931763,
        24.10667586326599,
        24.10994839668274,
        24.106569290161133,
        24.108328104019165,
        24.11250877380371,
        24.10996723175049,
        24.108137845993042,
        24.115906238555908,
        24.112009048461914,
        24.110915184020996,
        24.10550832748413,
        24.106642723083496,
        24.12027359008789,
        24.109413146972656,
        24.10670232772827,
        24.106229305267334,
        24.107725143432617,
        24.110631704330444,
        24.102720975875854,
        24.10489797592163,
        24.11207604408264,
        24.113165378570557,
        24.114763498306274,
        24.119160890579224,
        24.1038875579834,
        24.10450005531311,
        24.106409788131714
    ],
    "6": [
        0.30130934715270996,
        0.0004444122314453125,
        0.0004475116729736328,
        0.00034546852111816406,
        0.0004475116729736328,
        0.0004506111145019531,
        0.00045108795166015625,
        0.0004506111145019531,
        0.00046539306640625,
        0.000446319580078125,
        0.00028967857360839844,
        0.00034427642822265625,
        0.0004584789276123047,
        0.0003478527069091797,
        0.00046944618225097656,
        0.0003399848937988281,
        0.0004611015319824219,
        0.00048732757568359375,
        0.0004448890686035156,
        0.0004112720489501953,
        0.00046944618225097656,
        0.00046443939208984375,
        0.0004470348358154297,
        0.00044846534729003906,
        0.00044989585876464844,
        0.0004475116729736328,
        0.00043582916259765625,
        0.00044536590576171875,
        0.00044655799865722656,
        0.0003342628479003906
    ]
}