{
    "1": [
        25.18686294555664,
        25.189987897872925,
        25.1871600151062,
        25.186634063720703,
        25.185909271240234,
        25.16893196105957,
        25.165833950042725,
        25.1663658618927,
        25.158180713653564,
        25.156497716903687,
        25.165542602539062,
        25.15837335586548,
        25.165714025497437,
        25.162712335586548,
        25.162752866744995,
        25.160707473754883,
        25.167949199676514,
        25.149063110351562,
        25.163824558258057,
        25.165029525756836,
        25.165412425994873,
        25.15683913230896,
        25.16003108024597,
        25.147934436798096,
        25.15721559524536,
        25.16120743751526,
        25.163130283355713,
        25.152889490127563,
        25.188669443130493,
        25.155486345291138
    ],
    "3": [
        25.54803490638733,
        25.39175510406494,
        25.380935430526733,
        25.388673067092896,
        25.385159015655518,
        25.377876043319702,
        25.35312271118164,
        25.36257576942444,
        25.365806579589844,
        25.37068796157837,
        25.35976004600525,
        25.361593008041382,
        25.353087186813354,
        25.364983081817627,
        25.358447790145874,
        25.35217785835266,
        25.356656551361084,
        25.3613338470459,
        25.353053331375122,
        25.36133599281311,
        25.365530967712402,
        25.35504961013794,
        25.35910940170288,
        25.35738706588745,
        25.349578619003296,
        25.35187792778015,
        25.36048197746277,
        25.3605215549469,
        25.349188089370728,
        25.36380100250244
    ],
    "4": [
        34.37886142730713,
        34.37252187728882,
        34.36608695983887,
        34.367913007736206,
        34.37098145484924,
        34.343955993652344,
        34.342910289764404,
        34.336676836013794,
        34.33490443229675,
        34.34018921852112,
        34.356290340423584,
        34.32630753517151,
        34.337947845458984,
        34.33632564544678,
        34.35070514678955,
        34.338560819625854,
        34.34013795852661,
        34.32468843460083,
        34.41804003715515,
        34.34481596946716,
        34.33914303779602,
        34.33506441116333,
        34.34027719497681,
        34.33331894874573,
        34.33736276626587,
        34.331974029541016,
        34.3411750793457,
        34.33414697647095,
        34.342281103134155,
        34.335131883621216
    ],
    "5": [
        24.112030744552612,
        24.107531309127808,
        24.12425136566162,
        24.12588095664978,
        24.1119384765625,
        24.10789918899536,
        24.0844087600708,
        24.088268041610718,
        24.104413509368896,
        24.09266495704651,
        24.088263034820557,
        24.096959114074707,
        24.083471298217773,
        24.08587098121643,
        24.09513282775879,
        24.0861394405365,
        24.090898752212524,
        24.09490156173706,
        24.08866596221924,
        24.085508823394775,
        24.095455169677734,
        24.087854862213135,
        24.084155559539795,
        24.088761568069458,
        24.08846879005432,
        24.079405546188354,
        24.09819221496582,
        24.087552309036255,
        24.075557947158813,
        24.086148738861084
    ],
    "6": [
        39.79775047302246,
        24.00900387763977,
        24.001400232315063,
        24.011340618133545,
        24.003072023391724,
        23.978536128997803,
        23.99065923690796,
        23.98313069343567,
        23.978273153305054,
        23.995293617248535,
        23.997963666915894,
        23.976391792297363,
        23.985289335250854,
        23.978765964508057,
        23.981064796447754,
        23.985398054122925,
        23.986783981323242,
        23.99022674560547,
        23.998677968978882,
        23.977198362350464,
        23.977973222732544,
        23.981505393981934,
        23.987178564071655,
        23.977030038833618,
        24.00247836112976,
        23.982178926467896,
        23.96989607810974,
        23.990688800811768,
        23.98819065093994,
        23.97075629234314
    ]
}