{
    "1a": [
        5.876701593399048,
        5.869204759597778,
        5.877057790756226,
        5.872342109680176,
        5.87101149559021,
        5.8772382736206055,
        5.873739004135132,
        5.8672776222229,
        5.873547554016113,
        5.87680459022522,
        5.878527402877808,
        5.874021768569946,
        5.873757839202881,
        5.876475811004639,
        5.870864152908325,
        5.873257637023926,
        5.869165658950806,
        5.871192455291748,
        5.874491214752197,
        5.8740057945251465,
        5.874193429946899,
        5.87312912940979,
        5.875396490097046,
        5.875592231750488,
        5.868993043899536,
        5.871083736419678,
        5.871612548828125,
        5.871395111083984,
        5.875763416290283,
        5.871732950210571
    ],
    "1b": [
        8.77465534210205,
        5.869239568710327,
        5.87777304649353,
        5.871305227279663,
        5.8698811531066895,
        5.876560926437378,
        5.871373653411865,
        5.866705417633057,
        5.877931833267212,
        5.874642848968506,
        5.872803449630737,
        5.8707520961761475,
        5.86971378326416,
        5.874112606048584,
        5.872821569442749,
        5.874469757080078,
        5.870838642120361,
        5.870280504226685,
        5.875468015670776,
        5.870822906494141,
        5.873816967010498,
        5.871317148208618,
        5.86970853805542,
        5.8705854415893555,
        5.871950149536133,
        5.8745787143707275,
        5.876469135284424,
        5.877267599105835,
        5.870814323425293,
        5.873440265655518
    ],
    "2": [
        6.49296236038208,
        6.483473777770996,
        6.483456611633301,
        6.486952066421509,
        6.48484468460083,
        6.4840922355651855,
        6.488053560256958,
        6.486567497253418,
        6.488072872161865,
        6.494172811508179,
        6.484134912490845,
        6.487929582595825,
        6.487625598907471,
        6.489509582519531,
        6.491701364517212,
        6.490054368972778,
        6.480759143829346,
        6.486442804336548,
        6.485739707946777,
        6.487096309661865,
        6.486891031265259,
        6.48509955406189,
        6.4894585609436035,
        6.485827207565308,
        6.486023902893066,
        6.484554290771484,
        6.486296653747559,
        6.487003564834595,
        6.485807657241821,
        6.487776041030884
    ],
    "3a": [
        5.931339740753174,
        5.924308776855469,
        5.923304796218872,
        5.9275078773498535,
        5.922534465789795,
        5.923889875411987,
        5.921430349349976,
        5.9254584312438965,
        5.923901319503784,
        5.929373264312744,
        5.920757055282593,
        5.924102783203125,
        5.92545747756958,
        5.925410032272339,
        5.923861503601074,
        5.927188873291016,
        5.920032978057861,
        5.924960136413574,
        5.925541162490845,
        5.9234840869903564,
        5.9215593338012695,
        5.925101280212402,
        5.920850038528442,
        5.9226133823394775,
        5.928355932235718,
        5.9235756397247314,
        5.92232346534729,
        5.924815654754639,
        5.922839879989624,
        5.920767784118652
    ],
    "3b": [
        5.742934942245483,
        5.73663854598999,
        5.738635540008545,
        5.74000883102417,
        5.744925260543823,
        5.735391855239868,
        5.745469808578491,
        5.734415769577026,
        5.742070913314819,
        5.741666555404663,
        5.743734836578369,
        5.7428624629974365,
        5.741822242736816,
        5.737505197525024,
        5.739866256713867,
        5.74356484413147,
        5.735808372497559,
        5.739669561386108,
        5.736369609832764,
        5.740107536315918,
        5.741033315658569,
        5.7375569343566895,
        5.738677024841309,
        5.735966682434082,
        5.7360265254974365,
        5.734973192214966,
        5.740242004394531,
        5.738504886627197,
        5.740792989730835,
        5.7416253089904785
    ],
    "4": [
        8.371876001358032,
        8.361928939819336,
        8.36622929573059,
        8.36808180809021,
        8.374322414398193,
        8.373755693435669,
        8.366456747055054,
        8.369651556015015,
        8.370830535888672,
        8.370402336120605,
        8.365061044692993,
        8.367126703262329,
        8.370447397232056,
        8.369313955307007,
        8.371769666671753,
        8.371982097625732,
        8.369062900543213,
        8.372275829315186,
        8.367800951004028,
        8.367068529129028,
        8.366807460784912,
        8.369959354400635,
        8.368627071380615,
        8.369518041610718,
        8.367095232009888,
        8.367340087890625,
        8.370933294296265,
        8.371565341949463,
        8.372015237808228,
        8.367863655090332
    ],
    "5": [
        5.652267694473267,
        5.652282953262329,
        5.654520511627197,
        5.6602983474731445,
        5.653838157653809,
        5.667752265930176,
        5.661375999450684,
        5.65168571472168,
        5.655253887176514,
        5.652568817138672,
        5.658646821975708,
        5.657886743545532,
        5.654362201690674,
        5.656273126602173,
        5.6580750942230225,
        5.6563560962677,
        5.655819416046143,
        5.654336214065552,
        5.656214237213135,
        5.655973672866821,
        5.656522750854492,
        5.65509295463562,
        5.654405355453491,
        5.66212272644043,
        5.658700466156006,
        5.657575607299805,
        5.657849550247192,
        5.657663583755493,
        5.656111001968384,
        5.656280279159546
    ],
    "6a": [
        5.523756742477417,
        5.517716646194458,
        5.5284059047698975,
        5.527152061462402,
        5.52522611618042,
        5.529826641082764,
        5.520222425460815,
        5.51801872253418,
        5.5260021686553955,
        5.525652170181274,
        5.517723321914673,
        5.522148132324219,
        5.524872541427612,
        5.52551531791687,
        5.524470806121826,
        5.527114629745483,
        5.520723819732666,
        5.522296905517578,
        5.524475812911987,
        5.520645618438721,
        5.52430272102356,
        5.52742600440979,
        5.5211241245269775,
        5.522769451141357,
        5.520596504211426,
        5.524871826171875,
        5.521742105484009,
        5.523521423339844,
        5.522282123565674,
        5.519875764846802
    ],
    "6b": [
        5.533726215362549,
        5.531315803527832,
        5.530683279037476,
        5.532261848449707,
        5.534024953842163,
        5.533381938934326,
        5.53476619720459,
        5.525227785110474,
        5.535308122634888,
        5.527652978897095,
        5.5316057205200195,
        5.527984857559204,
        5.529233694076538,
        5.527308702468872,
        5.530639410018921,
        5.534635543823242,
        5.533279895782471,
        5.534541130065918,
        5.527994394302368,
        5.5278778076171875,
        5.5282487869262695,
        5.5289740562438965,
        5.527723550796509,
        5.530214071273804,
        5.53036904335022,
        5.532696962356567,
        5.52779483795166,
        5.527174711227417,
        5.528930425643921,
        5.530281066894531
    ]
}