{
    "1": [
        0.9049201011657715,
        0.9055812358856201,
        0.9066712856292725,
        0.9051024913787842,
        0.9073102474212646,
        0.8990204334259033,
        0.9016585350036621,
        0.8997998237609863,
        0.8993291854858398,
        0.9009571075439453,
        0.8997173309326172,
        0.8986546993255615,
        0.8993854522705078,
        0.9037723541259766,
        0.8996856212615967,
        0.9004063606262207,
        0.8989768028259277,
        0.8969242572784424,
        0.8974475860595703,
        0.8950245380401611,
        0.9007019996643066,
        0.8973338603973389,
        0.89794921875,
        0.8983409404754639,
        0.8971028327941895,
        0.8971543312072754,
        0.8977131843566895,
        0.8964664936065674,
        0.8971278667449951,
        0.8966772556304932
    ],
    "2": [
        2.674802541732788,
        1.87391996383667,
        1.873049259185791,
        1.877065658569336,
        1.8725526332855225,
        1.8710510730743408,
        1.865206003189087,
        1.869676113128662,
        1.8673012256622314,
        1.8650517463684082,
        1.869901180267334,
        1.866602897644043,
        1.8663384914398193,
        1.8660993576049805,
        1.8689777851104736,
        1.8657801151275635,
        1.8688032627105713,
        1.8678557872772217,
        1.8659870624542236,
        1.8636527061462402,
        1.8647527694702148,
        1.8666696548461914,
        1.8646228313446045,
        1.86491060256958,
        1.8678765296936035,
        1.8647260665893555,
        1.8654983043670654,
        1.8662481307983398,
        1.8657612800598145,
        1.863612174987793
    ],
    "3": [
        0.9143416881561279,
        0.915299654006958,
        0.9143936634063721,
        0.9145395755767822,
        0.9144017696380615,
        0.9337015151977539,
        0.9084429740905762,
        0.9082329273223877,
        0.9092669486999512,
        0.9085812568664551,
        0.9085640907287598,
        0.9085655212402344,
        0.9116547107696533,
        0.9087963104248047,
        0.9090919494628906,
        0.9102449417114258,
        0.917015790939331,
        0.9056813716888428,
        0.9067971706390381,
        0.9089534282684326,
        0.9066934585571289,
        0.9064080715179443,
        0.908219575881958,
        0.907252311706543,
        0.9065866470336914,
        0.9054341316223145,
        0.9114553928375244,
        1.0572752952575684,
        0.9042720794677734,
        0.905571460723877
    ],
    "4": [
        7.319815635681152,
        0.9595248699188232,
        0.959434986114502,
        0.9597072601318359,
        0.963153600692749,
        0.9603698253631592,
        0.9538257122039795,
        0.9545695781707764,
        0.9544198513031006,
        0.9532890319824219,
        0.954493522644043,
        0.9586687088012695,
        0.9542229175567627,
        0.9543154239654541,
        0.9552001953125,
        0.9539430141448975,
        0.9535119533538818,
        0.953803300857544,
        0.954566478729248,
        0.9515881538391113,
        0.9516479969024658,
        0.952897310256958,
        0.9512577056884766,
        0.9548790454864502,
        0.9516746997833252,
        0.9545643329620361,
        0.9520809650421143,
        0.9510159492492676,
        0.9508657455444336,
        0.9497542381286621
    ],
    "5": [
        0.7803363800048828,
        0.7819383144378662,
        0.7806246280670166,
        0.7819340229034424,
        0.78208327293396,
        0.7849018573760986,
        0.7761893272399902,
        0.7760217189788818,
        0.7768270969390869,
        0.7758927345275879,
        0.7759826183319092,
        0.7757902145385742,
        0.7785422801971436,
        0.77681565284729,
        0.7768192291259766,
        0.7773945331573486,
        0.7761602401733398,
        0.7738814353942871,
        0.7747750282287598,
        0.7810535430908203,
        0.7741439342498779,
        0.7737243175506592,
        0.7747511863708496,
        0.7741734981536865,
        0.774334192276001,
        0.774329662322998,
        0.7757246494293213,
        0.7737016677856445,
        0.7719449996948242,
        0.7741615772247314
    ],
    "6": [
        15.150882244110107,
        0.6658899784088135,
        0.6659960746765137,
        0.6686453819274902,
        0.6655359268188477,
        0.666454553604126,
        0.6617071628570557,
        0.6602053642272949,
        0.660175085067749,
        0.6602382659912109,
        0.6642794609069824,
        0.6600892543792725,
        0.660761833190918,
        0.6623439788818359,
        0.6602933406829834,
        0.6605124473571777,
        0.6605474948883057,
        0.6612722873687744,
        0.6589324474334717,
        0.6595513820648193,
        0.6601078510284424,
        0.659066915512085,
        0.6586709022521973,
        0.6586368083953857,
        0.6612422466278076,
        0.6591246128082275,
        0.6592702865600586,
        0.6601440906524658,
        0.6568853855133057,
        0.6561689376831055
    ],
    "7": [
        23.71342444419861,
        2.157860517501831,
        2.156336545944214,
        2.155949115753174,
        2.155339002609253,
        2.1639351844787598,
        2.1506235599517822,
        2.150048017501831,
        2.150344133377075,
        2.1500909328460693,
        2.147496223449707,
        2.1511788368225098,
        2.1535215377807617,
        2.1492040157318115,
        2.148439407348633,
        2.1520538330078125,
        2.1491498947143555,
        2.14990496635437,
        2.1479415893554688,
        2.148019552230835,
        2.1471328735351562,
        2.149761438369751,
        2.149085521697998,
        2.150933027267456,
        2.14811635017395,
        2.148127794265747,
        2.150161027908325,
        2.149855852127075,
        2.145538806915283,
        2.1500070095062256
    ]
}