{
    "1a": [
        0.028182506561279297,
        0.0006957054138183594,
        0.0009644031524658203,
        0.0009698867797851562,
        0.00064849853515625,
        0.0006771087646484375,
        0.0009489059448242188,
        0.0005505084991455078,
        0.0009603500366210938,
        0.0006718635559082031,
        0.0006501674652099609,
        0.0006814002990722656,
        0.0009737014770507812,
        0.0008254051208496094,
        0.0006997585296630859,
        0.0006568431854248047,
        0.0006814002990722656,
        0.0006618499755859375,
        0.0006868839263916016,
        0.0006680488586425781,
        0.0006775856018066406,
        0.0006690025329589844,
        0.0006725788116455078,
        0.0007054805755615234,
        0.0006690025329589844,
        0.0007367134094238281,
        0.0007231235504150391,
        0.0006947517395019531,
        0.000652313232421875,
        0.0006704330444335938
    ],
    "1b": [
        0.006159067153930664,
        0.00535893440246582,
        0.00959014892578125,
        0.007725715637207031,
        0.007424116134643555,
        0.0054318904876708984,
        0.008589029312133789,
        0.007380485534667969,
        0.009739875793457031,
        0.006773233413696289,
        0.00688481330871582,
        0.010568618774414062,
        0.010568618774414062,
        0.006688833236694336,
        0.006820201873779297,
        0.009694099426269531,
        0.006975650787353516,
        0.009699583053588867,
        0.006072998046875,
        0.00790548324584961,
        0.00657963752746582,
        0.007491588592529297,
        0.006902456283569336,
        0.00606989860534668,
        0.0054759979248046875,
        0.00648188591003418,
        0.006480693817138672,
        0.007235527038574219,
        0.0053253173828125,
        0.005521297454833984
    ],
    "2": [
        0.01369786262512207,
        0.006393909454345703,
        0.0057849884033203125,
        0.0058002471923828125,
        0.005750417709350586,
        0.0059163570404052734,
        0.0061075687408447266,
        0.006063222885131836,
        0.005716800689697266,
        0.005774259567260742,
        0.006025075912475586,
        0.005658864974975586,
        0.006086111068725586,
        0.0056955814361572266,
        0.006125926971435547,
        0.00611567497253418,
        0.005925655364990234,
        0.0057830810546875,
        0.006191253662109375,
        0.005731344223022461,
        0.006262302398681641,
        0.005712032318115234,
        0.005788326263427734,
        0.006103992462158203,
        0.00647735595703125,
        0.006578922271728516,
        0.006104946136474609,
        0.006049633026123047,
        0.005692005157470703,
        0.006547212600708008
    ],
    "3a": [
        0.2172245979309082,
        0.03088665008544922,
        0.03305840492248535,
        0.03185701370239258,
        0.0318148136138916,
        0.032392024993896484,
        0.03781485557556152,
        0.03375411033630371,
        0.0328068733215332,
        0.03181910514831543,
        0.036046504974365234,
        0.032953739166259766,
        0.032102108001708984,
        0.03342127799987793,
        0.03702139854431152,
        0.03572678565979004,
        0.03553462028503418,
        0.03689122200012207,
        0.03361344337463379,
        0.03584933280944824,
        0.033623456954956055,
        0.03563642501831055,
        0.034880638122558594,
        0.034864187240600586,
        0.0361785888671875,
        0.03696584701538086,
        0.03674149513244629,
        0.03671383857727051,
        0.0358278751373291,
        0.036744117736816406
    ],
    "3b": [
        0.058798789978027344,
        0.031012535095214844,
        0.027760028839111328,
        0.028219223022460938,
        0.0283205509185791,
        0.032027244567871094,
        0.028339624404907227,
        0.028319835662841797,
        0.028312206268310547,
        0.028234004974365234,
        0.03434038162231445,
        0.027735471725463867,
        0.028286457061767578,
        0.027848482131958008,
        0.0293576717376709,
        0.028238534927368164,
        0.029141664505004883,
        0.029028654098510742,
        0.029079675674438477,
        0.028167009353637695,
        0.028427839279174805,
        0.029020309448242188,
        0.028994321823120117,
        0.028974533081054688,
        0.028978586196899414,
        0.029062747955322266,
        0.028965234756469727,
        0.028100013732910156,
        0.02897357940673828,
        0.02902531623840332
    ],
    "4": [
        3.078056573867798,
        2.0962252616882324,
        2.1018552780151367,
        2.0965657234191895,
        2.093587875366211,
        2.098472833633423,
        2.0996198654174805,
        2.0969090461730957,
        2.0996360778808594,
        2.093945264816284,
        2.097960948944092,
        2.0979175567626953,
        2.0893337726593018,
        2.0960512161254883,
        2.091919183731079,
        2.0947821140289307,
        2.0929133892059326,
        2.098783254623413,
        2.1014904975891113,
        2.095196485519409,
        2.0960960388183594,
        2.096822500228882,
        2.092642307281494,
        2.0930516719818115,
        2.0992472171783447,
        2.092153549194336,
        2.097480058670044,
        2.093921661376953,
        2.093499183654785,
        2.091454267501831
    ],
    "5": [
        6.189701795578003,
        5.802499055862427,
        5.788660287857056,
        5.790744781494141,
        5.795932054519653,
        5.792743921279907,
        5.802013397216797,
        5.789095640182495,
        5.799492359161377,
        5.795351505279541,
        5.825244426727295,
        5.797223329544067,
        5.797494411468506,
        5.793684720993042,
        5.796039342880249,
        5.793842315673828,
        5.791590213775635,
        5.793951749801636,
        5.798182010650635,
        5.803240060806274,
        5.797433376312256,
        5.793561697006226,
        5.7921929359436035,
        5.797734498977661,
        5.79033350944519,
        5.799558639526367,
        5.796631336212158,
        5.797764539718628,
        5.799985408782959,
        5.79180908203125
    ],
    "6a": [
        0.026177644729614258,
        0.0003452301025390625,
        0.0003075599670410156,
        0.00034332275390625,
        0.0003495216369628906,
        0.0004010200500488281,
        0.0003497600555419922,
        0.0003788471221923828,
        0.00034356117248535156,
        0.00041961669921875,
        0.0004124641418457031,
        0.00043964385986328125,
        0.0004229545593261719,
        0.00032401084899902344,
        0.0003647804260253906,
        0.0003757476806640625,
        0.00044155120849609375,
        0.0003447532653808594,
        0.0004127025604248047,
        0.0002930164337158203,
        0.0003368854522705078,
        0.00037550926208496094,
        0.0003750324249267578,
        0.00041174888610839844,
        0.0003762245178222656,
        0.0004131793975830078,
        0.00041413307189941406,
        0.00038933753967285156,
        0.00036787986755371094,
        0.00038909912109375
    ],