{
    "1": [
        0.030765295028686523,
        0.0008602142333984375,
        0.0008394718170166016,
        0.000823974609375,
        0.000835418701171875,
        0.0008702278137207031,
        0.0008192062377929688,
        0.0008089542388916016,
        0.0005621910095214844,
        0.0008151531219482422,
        0.0008101463317871094,
        0.0005648136138916016,
        0.0005621910095214844,
        0.0008211135864257812,
        0.0008141994476318359,
        0.0008480548858642578,
        0.0008168220520019531,
        0.0008172988891601562,
        0.0005679130554199219,
        0.0005726814270019531,
        0.0008182525634765625,
        0.0008463859558105469,
        0.0008378028869628906,
        0.0008680820465087891,
        0.0008378028869628906,
        0.0005605220794677734,
        0.0008146762847900391,
        0.0005583763122558594,
        0.0006134510040283203,
        0.0005693435668945312
    ],
    "3": [
        0.7575454711914062,
        0.06542468070983887,
        0.07098746299743652,
        0.06551885604858398,
        0.0720970630645752,
        0.06857919692993164,
        0.07104802131652832,
        0.07024478912353516,
        0.07315397262573242,
        0.07574629783630371,
        0.07079744338989258,
        0.07048368453979492,
        0.0692908763885498,
        0.07230234146118164,
        0.06603598594665527,
        0.06804251670837402,
        0.07322835922241211,
        0.07280254364013672,
        0.07068371772766113,
        0.07178115844726562,
        0.075592041015625,
        0.06753420829772949,
        0.06816959381103516,
        0.07091403007507324,
        0.07108855247497559,
        0.07203865051269531,
        0.07022404670715332,
        0.06596112251281738,
        0.06607270240783691,
        0.06697249412536621
    ],
    "4": [
        9.169675827026367,
        6.924535036087036,
        6.910705804824829,
        6.924192190170288,
        6.907654047012329,
        6.920565605163574,
        6.90122127532959,
        6.90985631942749,
        6.901461362838745,
        6.915696620941162,
        6.906264305114746,
        6.920080184936523,
        6.902568817138672,
        6.917053461074829,
        6.900989055633545,
        6.91558051109314,
        6.899219989776611,
        6.914964914321899,
        6.89404559135437,
        6.91796350479126,
        6.900948524475098,
        6.907734155654907,
        6.900392770767212,
        6.9126880168914795,
        6.9011969566345215,
        6.912543535232544,
        6.90367579460144,
        6.916157484054565,
        6.913859605789185,
        6.917476415634155
    ],
    "5": [
        32.04773545265198,
        24.486789226531982,
        24.48318362236023,
        24.462769985198975,
        24.45210289955139,
        24.45357871055603,
        24.465779781341553,
        24.43844437599182,
        24.454044103622437,
        24.442441940307617,
        24.458295583724976,
        24.434852600097656,
        24.480998992919922,
        24.45253276824951,
        24.468164920806885,
        24.47722816467285,
        24.450287580490112,
        24.462676763534546,
        24.443458557128906,
        24.44864296913147,
        24.436618328094482,
        24.44524645805359,
        24.447752952575684,
        24.45009994506836,
        24.44654893875122,
        24.463743925094604,
        24.449987411499023,
        24.470704793930054,
        24.455515384674072,
        24.44582748413086
    ],
    "6": [
        0.25313496589660645,
        0.0006225109100341797,
        0.0005383491516113281,
        0.0005817413330078125,
        0.0005404949188232422,
        0.00043702125549316406,
        0.0005402565002441406,
        0.0005376338958740234,
        0.00044035911560058594,
        0.0005376338958740234,
        0.0005407333374023438,
        0.00041961669921875,
        0.0004096031188964844,
        0.0005698204040527344,
        0.0005571842193603516,
        0.0005509853363037109,
        0.00054931640625,
        0.0005567073822021484,
        0.00043845176696777344,
        0.00042247772216796875,
        0.0005433559417724609,
        0.0006520748138427734,
        0.0005941390991210938,
        0.0006477832794189453,
        0.0005710124969482422,
        0.00042176246643066406,
        0.0005445480346679688,
        0.0004184246063232422,
        0.000423431396484375,
        0.00043320655822753906
    ]
}