{
    "1": [
        0.0006320476531982422,
        0.0005919933319091797,
        0.0006101131439208984,
        0.0006105899810791016,
        0.0005369186401367188,
        0.0006010532379150391,
        0.0006291866302490234,
        0.0006248950958251953,
        0.0006256103515625,
        0.0006334781646728516,
        0.0005953311920166016,
        0.000591278076171875,
        0.0006232261657714844,
        0.0006327629089355469,
        0.0006351470947265625,
        0.00045013427734375,
        0.0005974769592285156,
        0.0006229877471923828,
        0.0005447864532470703,
        0.0005674362182617188,
        0.0006256103515625,
        0.000621795654296875,
        0.0006155967712402344,
        0.0005655288696289062,
        0.0006277561187744141,
        0.0006220340728759766,
        0.0005426406860351562,
        0.0006287097930908203,
        0.0005893707275390625,
        0.0006203651428222656
    ],
    "2": [
        0.0006017684936523438,
        0.0005638599395751953,
        0.0004773139953613281,
        0.0005421638488769531,
        0.0005729198455810547,
        0.0005471706390380859,
        0.0005960464477539062,
        0.0005996227264404297,
        0.0005483627319335938,
        0.0005598068237304688,
        0.0005788803100585938,
        0.000583648681640625,
        0.0005335807800292969,
        0.0005829334259033203,
        0.0005731582641601562,
        0.0005066394805908203,
        0.0005443096160888672,
        0.000568389892578125,
        0.0005843639373779297,
        0.0006105899810791016,
        0.0005767345428466797,
        0.0006134510040283203,
        0.0005817413330078125,
        0.0005905628204345703,
        0.0005872249603271484,
        0.0006079673767089844,
        0.0006015300750732422,
        0.0006165504455566406,
        0.0006029605865478516,
        0.0005486011505126953
    ],
    "3": [
        0.012858867645263672,
        0.0059926509857177734,
        0.0062749385833740234,
        0.005987644195556641,
        0.0060040950775146484,
        0.0059163570404052734,
        0.006322145462036133,
        0.006377458572387695,
        0.006246805191040039,
        0.005945920944213867,
        0.005971431732177734,
        0.006185770034790039,
        0.005981922149658203,
        0.0060977935791015625,
        0.006366252899169922,
        0.005965232849121094,
        0.00603795051574707,
        0.006496429443359375,
        0.005822896957397461,
        0.006386756896972656,
        0.006112337112426758,
        0.0064449310302734375,
        0.006440401077270508,
        0.006678342819213867,
        0.005911111831665039,
        0.005873680114746094,
        0.006726980209350586,
        0.0063478946685791016,
        0.005869865417480469,
        0.0059587955474853516
    ],
    "4": [
        0.4535086154937744,
        0.24248671531677246,
        0.2440495491027832,
        0.24273371696472168,
        0.24255156517028809,
        0.2419729232788086,
        0.24233388900756836,
        0.24504518508911133,
        0.24444293975830078,
        0.24375009536743164,
        0.24299097061157227,
        0.24242424964904785,
        0.24393677711486816,
        0.2439582347869873,
        0.2446582317352295,
        0.24393224716186523,
        0.24352383613586426,
        0.24305176734924316,
        0.24641060829162598,
        0.24499034881591797,
        0.24515366554260254,
        0.2427988052368164,
        0.2423717975616455,
        0.24527382850646973,
        0.2424154281616211,
        0.24389338493347168,
        0.24502968788146973,
        0.24527502059936523,
        0.2430422306060791,
        0.2455613613128662
    ],
    "5": [
        1.0758471488952637,
        1.0360188484191895,
        1.0407600402832031,
        1.0410375595092773,
        1.046769380569458,
        1.0417406558990479,
        1.0379035472869873,
        1.0465412139892578,
        1.0412464141845703,
        1.0453872680664062,
        1.0576443672180176,
        1.0440599918365479,
        1.0393455028533936,
        1.0381462574005127,
        1.0448682308197021,
        1.0396275520324707,
        1.0479743480682373,
        1.0392086505889893,
        1.0538437366485596,
        1.0344393253326416,
        1.0385749340057373,
        1.0324511528015137,
        1.0339269638061523,
        1.0268642902374268,
        1.0487110614776611,
        1.0312373638153076,
        1.0324180126190186,
        1.03251314163208,
        1.0340111255645752,
        1.0299928188323975
    ],
    "6": [
        0.0005586147308349609,
        0.000614166259765625,
        0.0006396770477294922,
        0.0006284713745117188,
        0.0006189346313476562,
        0.0006899833679199219,
        0.0006310939788818359,
        0.0006325244903564453,
        0.0006628036499023438,
        0.0005831718444824219,
        0.0005986690521240234,
        0.0006155967712402344,
        0.0006365776062011719,
        0.0006151199340820312,
        0.0005338191986083984,
        0.0006527900695800781,
        0.000606536865234375,
        0.0006597042083740234,
        0.0006253719329833984,
        0.0006039142608642578,
        0.0006551742553710938,
        0.0006592273712158203,
        0.0006463527679443359,
        0.0006282329559326172,
        0.0006055831909179688,
        0.00042176246643066406,
        0.0006289482116699219,
        0.0006465911865234375,
        0.0006463527679443359,
        0.0006401538848876953
    ],
    "7": [
        0.03933882713317871,
        0.004861116409301758,
        0.00481867790222168,
        0.0056688785552978516,
        0.004906654357910156,
        0.0053594112396240234,
        0.004850149154663086,
        0.0058939456939697266,
        0.005356311798095703,
        0.005353450775146484,
        0.0050048828125,
        0.0057260990142822266,
        0.005652666091918945,
        0.004853963851928711,
        0.005728483200073242,
        0.0061342716217041016,
        0.0048675537109375,
        0.0054531097412109375,
        0.005037784576416016,
        0.0051136016845703125,
        0.005321979522705078,
        0.005829811096191406,
        0.006374835968017578,
        0.004776716232299805,
        0.005547761917114258,
        0.005202293395996094,
        0.006306886672973633,
        0.005804777145385742,
        0.005908012390136719,
        0.005776882171630859
    ]
}